call_date_Month,call_date_Day,a_party_id2,b_party_id,duration,charge,abbreviation,destination_name,city,sub_service_code,destination_type,package_name,call_direction,is_anomaly,anomaly_label
January,6,2348139842xxx,2348148890xxx,35.0,4.2,DC_ZONE_45,1482,PORT HARCOURT,DIRECTCON,Local,GREENLIGHT PCK,O,1,Normal
January,6,2348139842xxx,2348148926xxx,15.0,1.8,DC_ZONE_45,1482,PORT HARCOURT,DIRECTCON,Local,GREENLIGHT PCK,O,1,Normal
January,6,2348139842xxx,2348148941xxx,994.0,119.28,DC_ZONE_45,1482,PORT HARCOURT,DIRECTCON,Local,GREENLIGHT PCK,O,1,Normal
January,6,2348139842xxx,2348148999xxx,72.0,8.64,DC_ZONE_45,1482,PORT HARCOURT,DIRECTCON,Local,GREENLIGHT PCK,O,1,Normal
January,6,2348139842xxx,2348149014xxx,399.0,47.88,DC_ZONE_45,1482,PORT HARCOURT,DIRECTCON,Local,GREENLIGHT PCK,O,1,Normal
January,6,2348139842xxx,2348149017xxx,52.0,6.24,DC_ZONE_45,1482,PORT HARCOURT,DIRECTCON,Local,GREENLIGHT PCK,O,1,Normal
January,6,2348139842xxx,2348149094xxx,402.0,48.24,DC_ZONE_45,1482,PORT HARCOURT,DIRECTCON,Local,GREENLIGHT PCK,O,1,Normal
January,6,2348139842xxx,2348149145xxx,230.0,27.6,DC_ZONE_45,1482,PORT HARCOURT,DIRECTCON,Local,GREENLIGHT PCK,O,1,Normal
January,6,2348139842xxx,2348149271xxx,1.0,0.12,DC_ZONE_45,1482,PORT HARCOURT,DIRECTCON,Local,GREENLIGHT PCK,O,1,Normal
January,6,2348139842xxx,2348149298xxx,851.0,102.12,DC_ZONE_45,1482,PORT HARCOURT,DIRECTCON,Local,GREENLIGHT PCK,O,1,Normal
January,6,2348139842xxx,2348149302xxx,6.0,0.72,DC_ZONE_45,1482,PORT HARCOURT,DIRECTCON,Local,GREENLIGHT PCK,O,1,Normal
January,6,2348139842xxx,2348149340xxx,755.0,90.6,DC_ZONE_45,1482,PORT HARCOURT,DIRECTCON,Local,GREENLIGHT PCK,O,1,Normal
January,6,2348139842xxx,2348149368xxx,108.0,12.96,DC_ZONE_45,1482,PORT HARCOURT,DIRECTCON,Local,GREENLIGHT PCK,O,1,Normal
January,6,2348139842xxx,2348149407xxx,37.0,4.44,DC_ZONE_45,1482,PORT HARCOURT,DIRECTCON,Local,GREENLIGHT PCK,O,1,Normal
January,6,2348139842xxx,2348149429xxx,343.0,41.16,DC_ZONE_45,1482,PORT HARCOURT,DIRECTCON,Local,GREENLIGHT PCK,O,1,Normal
January,6,2348139842xxx,2348149462xxx,47.0,5.64,DC_ZONE_45,1482,PORT HARCOURT,DIRECTCON,Local,GREENLIGHT PCK,O,1,Normal
January,6,2348139842xxx,2348149639xxx,382.0,45.84,DC_ZONE_45,1482,PORT HARCOURT,DIRECTCON,Local,GREENLIGHT PCK,O,1,Normal
January,6,2348139842xxx,2348149784xxx,366.0,43.92,DC_ZONE_45,1482,PORT HARCOURT,DIRECTCON,Local,GREENLIGHT PCK,O,1,Normal
January,6,2348139842xxx,2348149788xxx,485.0,58.2,DC_ZONE_45,1482,PORT HARCOURT,DIRECTCON,Local,GREENLIGHT PCK,O,1,Normal
January,6,2348139842xxx,2348149934xxx,136.0,16.32,DC_ZONE_45,1482,PORT HARCOURT,DIRECTCON,Local,GREENLIGHT PCK,O,1,Normal
January,6,2348139842xxx,2348149950xxx,58.0,6.96,DC_ZONE_45,1482,PORT HARCOURT,DIRECTCON,Local,GREENLIGHT PCK,O,1,Normal
January,6,2348139842xxx,2348160005xxx,107.0,12.84,DC_ZONE_45,1718,PORT HARCOURT,DIRECTCON,Local,GREENLIGHT PCK,O,1,Normal
January,6,2348139842xxx,2348160046xxx,219.0,26.28,DC_ZONE_45,1718,PORT HARCOURT,DIRECTCON,Local,GREENLIGHT PCK,O,1,Normal
January,6,2348139842xxx,2348160048xxx,398.0,47.76,DC_ZONE_45,1718,PORT HARCOURT,DIRECTCON,Local,GREENLIGHT PCK,O,1,Normal
January,6,2348139842xxx,2348160065xxx,26.0,3.12,DC_ZONE_45,1718,PORT HARCOURT,DIRECTCON,Local,GREENLIGHT PCK,O,1,Normal
January,6,2348139842xxx,2348160068xxx,161.0,19.32,DC_ZONE_45,1718,PORT HARCOURT,DIRECTCON,Local,GREENLIGHT PCK,O,1,Normal
January,6,2348139842xxx,2348160080xxx,255.0,30.6,DC_ZONE_45,1718,PORT HARCOURT,DIRECTCON,Local,GREENLIGHT PCK,O,1,Normal
January,6,2348139842xxx,2348160101xxx,345.0,41.4,DC_ZONE_45,1718,PORT HARCOURT,DIRECTCON,Local,GREENLIGHT PCK,O,1,Normal
January,6,2348139842xxx,2348160115xxx,309.0,37.08,DC_ZONE_45,1718,PORT HARCOURT,DIRECTCON,Local,GREENLIGHT PCK,O,1,Normal
January,6,2348139842xxx,2348160118xxx,175.0,21.0,DC_ZONE_45,1718,PORT HARCOURT,DIRECTCON,Local,GREENLIGHT PCK,O,1,Normal
January,6,2348139842xxx,2348160118xxx,1.0,0.12,DC_ZONE_45,1718,PORT HARCOURT,DIRECTCON,Local,GREENLIGHT PCK,O,1,Normal
January,6,2348139842xxx,2348160125xxx,98.0,11.76,DC_ZONE_45,1718,PORT HARCOURT,DIRECTCON,Local,GREENLIGHT PCK,O,1,Normal
January,6,2348139842xxx,2348160172xxx,148.0,17.76,DC_ZONE_45,1718,PORT HARCOURT,DIRECTCON,Local,GREENLIGHT PCK,O,1,Normal
January,6,2348139842xxx,2348160183xxx,718.0,86.16,DC_ZONE_45,1718,PORT HARCOURT,DIRECTCON,Local,GREENLIGHT PCK,O,1,Normal
January,6,2348139842xxx,2348160266xxx,88.0,10.56,DC_ZONE_45,1718,PORT HARCOURT,DIRECTCON,Local,GREENLIGHT PCK,O,1,Normal
January,6,2348139842xxx,2348160268xxx,319.0,38.28,DC_ZONE_45,1718,PORT HARCOURT,DIRECTCON,Local,GREENLIGHT PCK,O,1,Normal
January,6,2348139842xxx,2348160271xxx,314.0,37.68,DC_ZONE_45,1718,PORT HARCOURT,DIRECTCON,Local,GREENLIGHT PCK,O,1,Normal
January,6,2348139842xxx,2348160299xxx,263.0,31.56,DC_ZONE_45,1718,PORT HARCOURT,DIRECTCON,Local,GREENLIGHT PCK,O,1,Normal
January,6,2348139842xxx,2348160322xxx,17.0,2.04,DC_ZONE_45,1718,PORT HARCOURT,DIRECTCON,Local,GREENLIGHT PCK,O,1,Normal
January,6,2348139842xxx,2348160341xxx,662.0,79.44,DC_ZONE_45,1718,PORT HARCOURT,DIRECTCON,Local,GREENLIGHT PCK,O,1,Normal
January,6,2348139842xxx,2348160399xxx,274.0,32.88,DC_ZONE_45,1718,PORT HARCOURT,DIRECTCON,Local,GREENLIGHT PCK,O,1,Normal
January,6,2348139842xxx,2348160419xxx,2.0,0.24,DC_ZONE_45,1718,PORT HARCOURT,DIRECTCON,Local,GREENLIGHT PCK,O,1,Normal
January,6,2348139842xxx,2348160435xxx,59.0,7.08,DC_ZONE_45,1718,PORT HARCOURT,DIRECTCON,Local,GREENLIGHT PCK,O,1,Normal
January,6,2348139842xxx,2348160449xxx,303.0,36.36,DC_ZONE_45,1718,PORT HARCOURT,DIRECTCON,Local,GREENLIGHT PCK,O,1,Normal
January,6,2348139842xxx,2348160463xxx,16.0,1.92,DC_ZONE_45,1718,PORT HARCOURT,DIRECTCON,Local,GREENLIGHT PCK,O,1,Normal
January,6,2348139842xxx,2348160510xxx,7.0,0.84,DC_ZONE_45,1718,PORT HARCOURT,DIRECTCON,Local,GREENLIGHT PCK,O,1,Normal
January,6,2348139842xxx,2348160536xxx,203.0,24.36,DC_ZONE_45,1718,PORT HARCOURT,DIRECTCON,Local,GREENLIGHT PCK,O,1,Normal
January,6,2348139842xxx,2348160568xxx,214.0,25.68,DC_ZONE_45,1718,PORT HARCOURT,DIRECTCON,Local,GREENLIGHT PCK,O,1,Normal
January,6,2348139842xxx,2348160578xxx,269.0,32.28,DC_ZONE_45,1718,PORT HARCOURT,DIRECTCON,Local,GREENLIGHT PCK,O,1,Normal
January,6,2348139842xxx,2348160603xxx,1.0,0.12,DC_ZONE_45,1718,PORT HARCOURT,DIRECTCON,Local,GREENLIGHT PCK,O,1,Normal
January,6,2348139842xxx,2348160623xxx,172.0,20.64,DC_ZONE_45,1718,PORT HARCOURT,DIRECTCON,Local,GREENLIGHT PCK,O,1,Normal
January,6,2348139842xxx,2348160626xxx,269.0,32.28,DC_ZONE_45,1718,PORT HARCOURT,DIRECTCON,Local,GREENLIGHT PCK,O,1,Normal
January,6,2348139842xxx,2348160662xxx,653.0,78.36,DC_ZONE_45,1718,PORT HARCOURT,DIRECTCON,Local,GREENLIGHT PCK,O,1,Normal
January,6,2348139842xxx,2348160709xxx,502.0,60.24,DC_ZONE_45,1718,PORT HARCOURT,DIRECTCON,Local,GREENLIGHT PCK,O,1,Normal
January,6,2348139842xxx,2348160830xxx,163.0,19.56,DC_ZONE_45,1718,PORT HARCOURT,DIRECTCON,Local,GREENLIGHT PCK,O,1,Normal
January,6,2348139842xxx,2348160836xxx,329.0,39.48,DC_ZONE_45,1718,PORT HARCOURT,DIRECTCON,Local,GREENLIGHT PCK,O,1,Normal
January,6,2348139842xxx,2348160870xxx,463.0,55.56,DC_ZONE_45,1718,PORT HARCOURT,DIRECTCON,Local,GREENLIGHT PCK,O,1,Normal
January,6,2348139842xxx,2348160876xxx,34.0,4.08,DC_ZONE_45,1718,PORT HARCOURT,DIRECTCON,Local,GREENLIGHT PCK,O,1,Normal
January,6,2348139842xxx,2348160880xxx,111.0,13.32,DC_ZONE_45,1718,PORT HARCOURT,DIRECTCON,Local,GREENLIGHT PCK,O,1,Normal
January,6,2348139842xxx,2348160912xxx,350.0,42.0,DC_ZONE_45,1718,PORT HARCOURT,DIRECTCON,Local,GREENLIGHT PCK,O,1,Normal
January,6,2348139842xxx,2348160923xxx,449.0,53.88,DC_ZONE_45,1718,PORT HARCOURT,DIRECTCON,Local,GREENLIGHT PCK,O,1,Normal
January,6,2348139842xxx,2348160929xxx,1.0,0.12,DC_ZONE_45,1718,PORT HARCOURT,DIRECTCON,Local,GREENLIGHT PCK,O,1,Normal
January,6,2348139842xxx,2348160946xxx,1.0,0.12,DC_ZONE_45,1718,PORT HARCOURT,DIRECTCON,Local,GREENLIGHT PCK,O,1,Normal
January,6,2348139842xxx,2348161119xxx,390.0,46.8,DC_ZONE_45,1718,PORT HARCOURT,DIRECTCON,Local,GREENLIGHT PCK,O,1,Normal
January,6,2348139842xxx,2348161235xxx,370.0,44.4,DC_ZONE_45,1718,PORT HARCOURT,DIRECTCON,Local,GREENLIGHT PCK,O,1,Normal
January,6,2348139842xxx,2348161246xxx,1.0,0.12,DC_ZONE_45,1718,PORT HARCOURT,DIRECTCON,Local,GREENLIGHT PCK,O,1,Normal
January,6,2348139842xxx,2348161260xxx,345.0,41.4,DC_ZONE_45,1718,PORT HARCOURT,DIRECTCON,Local,GREENLIGHT PCK,O,1,Normal
January,6,2348139842xxx,2348161264xxx,1.0,0.12,DC_ZONE_45,1718,PORT HARCOURT,DIRECTCON,Local,GREENLIGHT PCK,O,1,Normal
January,6,2348139842xxx,2348161283xxx,129.0,15.48,DC_ZONE_45,1718,PORT HARCOURT,DIRECTCON,Local,GREENLIGHT PCK,O,1,Normal
January,6,2348139842xxx,2348161295xxx,342.0,41.04,DC_ZONE_45,1718,PORT HARCOURT,DIRECTCON,Local,GREENLIGHT PCK,O,1,Normal
January,6,2348139842xxx,2348161312xxx,327.0,39.24,DC_ZONE_45,1718,PORT HARCOURT,DIRECTCON,Local,GREENLIGHT PCK,O,1,Normal
January,6,2348139842xxx,2348161315xxx,345.0,41.4,DC_ZONE_45,1718,PORT HARCOURT,DIRECTCON,Local,GREENLIGHT PCK,O,1,Normal
January,6,2348139842xxx,2348161369xxx,184.0,22.08,DC_ZONE_45,1718,PORT HARCOURT,DIRECTCON,Local,GREENLIGHT PCK,O,1,Normal
January,6,2348139842xxx,2348161417xxx,395.0,47.4,DC_ZONE_45,1718,PORT HARCOURT,DIRECTCON,Local,GREENLIGHT PCK,O,1,Normal
January,6,2348139842xxx,2348161425xxx,46.0,5.52,DC_ZONE_45,1718,PORT HARCOURT,DIRECTCON,Local,GREENLIGHT PCK,O,1,Normal
January,6,2348139842xxx,2348161446xxx,108.0,12.96,DC_ZONE_45,1718,PORT HARCOURT,DIRECTCON,Local,GREENLIGHT PCK,O,1,Normal
January,6,2348139842xxx,2348161482xxx,190.0,22.8,DC_ZONE_45,1718,PORT HARCOURT,DIRECTCON,Local,GREENLIGHT PCK,O,1,Normal
January,6,2348139842xxx,2348161565xxx,323.0,38.76,DC_ZONE_45,1718,PORT HARCOURT,DIRECTCON,Local,GREENLIGHT PCK,O,1,Normal
January,6,2348139842xxx,2348161591xxx,28.0,3.36,DC_ZONE_45,1718,PORT HARCOURT,DIRECTCON,Local,GREENLIGHT PCK,O,1,Normal
January,6,2348139842xxx,2348161630xxx,177.0,21.24,DC_ZONE_45,1718,PORT HARCOURT,DIRECTCON,Local,GREENLIGHT PCK,O,1,Normal
January,6,2348139842xxx,2348161631xxx,366.0,43.92,DC_ZONE_45,1718,PORT HARCOURT,DIRECTCON,Local,GREENLIGHT PCK,O,1,Normal
January,6,2348139842xxx,2348161699xxx,303.0,36.36,DC_ZONE_45,1718,PORT HARCOURT,DIRECTCON,Local,GREENLIGHT PCK,O,1,Normal
January,6,2348139842xxx,2348161715xxx,287.0,34.44,DC_ZONE_45,1718,PORT HARCOURT,DIRECTCON,Local,GREENLIGHT PCK,O,1,Normal
January,6,2348139842xxx,2348161744xxx,100.0,12.0,DC_ZONE_45,1718,PORT HARCOURT,DIRECTCON,Local,GREENLIGHT PCK,O,1,Normal
January,6,2348139842xxx,2348161759xxx,17.0,2.04,DC_ZONE_45,1718,PORT HARCOURT,DIRECTCON,Local,GREENLIGHT PCK,O,1,Normal
January,6,2348139842xxx,2348161801xxx,321.0,38.52,DC_ZONE_45,1718,PORT HARCOURT,DIRECTCON,Local,GREENLIGHT PCK,O,1,Normal
January,6,2348139842xxx,2348161815xxx,431.0,51.72,DC_ZONE_45,1718,PORT HARCOURT,DIRECTCON,Local,GREENLIGHT PCK,O,1,Normal
January,6,2348139842xxx,2348161837xxx,160.0,19.2,DC_ZONE_45,1718,PORT HARCOURT,DIRECTCON,Local,GREENLIGHT PCK,O,1,Normal
January,6,2348139842xxx,2348161838xxx,159.0,19.08,DC_ZONE_45,1718,PORT HARCOURT,DIRECTCON,Local,GREENLIGHT PCK,O,1,Normal
January,6,2348139842xxx,2348161846xxx,59.0,7.08,DC_ZONE_45,1718,PORT HARCOURT,DIRECTCON,Local,GREENLIGHT PCK,O,1,Normal
January,6,2348139842xxx,2348161851xxx,237.0,28.44,DC_ZONE_45,1718,PORT HARCOURT,DIRECTCON,Local,GREENLIGHT PCK,O,1,Normal
January,6,2348139842xxx,2348161919xxx,277.0,33.24,DC_ZONE_45,1718,PORT HARCOURT,DIRECTCON,Local,GREENLIGHT PCK,O,1,Normal
January,6,2348139842xxx,2348162013xxx,84.0,10.08,DC_ZONE_45,1718,PORT HARCOURT,DIRECTCON,Local,GREENLIGHT PCK,O,1,Normal
January,6,2348139842xxx,2348162051xxx,512.0,61.44,DC_ZONE_45,1718,PORT HARCOURT,DIRECTCON,Local,GREENLIGHT PCK,O,1,Normal
January,6,2348139842xxx,2348162105xxx,417.0,50.04,DC_ZONE_45,1718,PORT HARCOURT,DIRECTCON,Local,GREENLIGHT PCK,O,1,Normal
January,6,2348139842xxx,2348162158xxx,237.0,28.44,DC_ZONE_45,1718,PORT HARCOURT,DIRECTCON,Local,GREENLIGHT PCK,O,1,Normal
January,6,2348139842xxx,2348162164xxx,15.0,1.8,DC_ZONE_45,1718,PORT HARCOURT,DIRECTCON,Local,GREENLIGHT PCK,O,1,Normal
January,6,2348139842xxx,2348162191xxx,3.0,0.36,DC_ZONE_45,1718,PORT HARCOURT,DIRECTCON,Local,GREENLIGHT PCK,O,1,Normal
January,6,2348139842xxx,2348162204xxx,424.0,50.88,DC_ZONE_45,1718,PORT HARCOURT,DIRECTCON,Local,GREENLIGHT PCK,O,1,Normal
January,6,2348139842xxx,2348162213xxx,87.0,10.44,DC_ZONE_45,1718,PORT HARCOURT,DIRECTCON,Local,GREENLIGHT PCK,O,1,Normal
January,6,2348139842xxx,2348162233xxx,378.0,45.36,DC_ZONE_45,1718,PORT HARCOURT,DIRECTCON,Local,GREENLIGHT PCK,O,1,Normal
January,6,2348139842xxx,2348162238xxx,,129.12,DC_ZONE_45,1718,PORT HARCOURT,DIRECTCON,Local,GREENLIGHT PCK,O,1,Normal
January,6,2348139842xxx,2348162256xxx,205.0,24.6,DC_ZONE_45,1718,PORT HARCOURT,DIRECTCON,Local,GREENLIGHT PCK,O,1,Normal
January,6,2348139842xxx,2348162269xxx,377.0,45.24,DC_ZONE_45,1718,PORT HARCOURT,DIRECTCON,Local,GREENLIGHT PCK,O,1,Normal
January,6,2348139842xxx,2348162273xxx,61.0,7.32,DC_ZONE_45,1718,PORT HARCOURT,DIRECTCON,Local,GREENLIGHT PCK,O,1,Normal
January,6,2348139842xxx,2348162313xxx,22.0,2.64,DC_ZONE_45,1718,PORT HARCOURT,DIRECTCON,Local,GREENLIGHT PCK,O,1,Normal
January,6,2348139842xxx,2348162326xxx,559.0,67.08,DC_ZONE_45,1718,PORT HARCOURT,DIRECTCON,Local,GREENLIGHT PCK,O,1,Normal
January,6,2348139842xxx,2348162381xxx,122.0,14.64,DC_ZONE_45,1718,PORT HARCOURT,DIRECTCON,Local,GREENLIGHT PCK,O,1,Normal
January,6,2348139842xxx,2348162506xxx,590.0,70.8,DC_ZONE_45,1718,PORT HARCOURT,DIRECTCON,Local,GREENLIGHT PCK,O,1,Normal
January,6,2348139842xxx,2348162508xxx,1.0,0.12,DC_ZONE_45,1718,PORT HARCOURT,DIRECTCON,Local,GREENLIGHT PCK,O,1,Normal
January,6,2348139842xxx,2348162519xxx,13.0,1.56,DC_ZONE_45,1718,PORT HARCOURT,DIRECTCON,Local,GREENLIGHT PCK,O,1,Normal
January,6,2348139842xxx,2348162545xxx,50.0,6.0,DC_ZONE_45,1718,PORT HARCOURT,DIRECTCON,Local,GREENLIGHT PCK,O,1,Normal
January,6,2348139842xxx,2348162610xxx,26.0,3.12,DC_ZONE_45,1718,PORT HARCOURT,DIRECTCON,Local,GREENLIGHT PCK,O,1,Normal
January,6,2348139842xxx,2348162620xxx,522.0,62.64,DC_ZONE_45,1718,PORT HARCOURT,DIRECTCON,Local,GREENLIGHT PCK,O,1,Normal
January,6,2348139842xxx,2348162671xxx,440.0,52.8,DC_ZONE_45,1718,PORT HARCOURT,DIRECTCON,Local,GREENLIGHT PCK,O,1,Normal
January,6,2348139842xxx,2348162686xxx,1.0,0.12,DC_ZONE_45,1718,PORT HARCOURT,DIRECTCON,Local,GREENLIGHT PCK,O,1,Normal
January,6,2348139842xxx,2348162691xxx,95.0,11.4,DC_ZONE_45,1718,PORT HARCOURT,DIRECTCON,Local,GREENLIGHT PCK,O,1,Normal
January,6,2348139842xxx,2348162696xxx,54.0,6.48,DC_ZONE_45,1718,PORT HARCOURT,DIRECTCON,Local,GREENLIGHT PCK,O,1,Normal
January,6,2348139842xxx,2348162722xxx,338.0,40.56,DC_ZONE_45,1718,PORT HARCOURT,DIRECTCON,Local,GREENLIGHT PCK,O,1,Normal
January,6,2348139842xxx,2348162742xxx,1.0,0.12,DC_ZONE_45,1718,PORT HARCOURT,DIRECTCON,Local,GREENLIGHT PCK,O,1,Normal
January,6,2348139842xxx,2348162764xxx,14.0,1.68,DC_ZONE_45,1718,PORT HARCOURT,DIRECTCON,Local,GREENLIGHT PCK,O,1,Normal
January,6,2348139842xxx,2348162822xxx,104.0,12.48,DC_ZONE_45,1718,PORT HARCOURT,DIRECTCON,Local,GREENLIGHT PCK,O,1,Normal
January,6,2348139842xxx,2348162894xxx,203.0,24.36,DC_ZONE_45,1718,PORT HARCOURT,DIRECTCON,Local,GREENLIGHT PCK,O,1,Normal
January,6,2348139842xxx,2348162911xxx,214.0,25.68,DC_ZONE_45,1718,PORT HARCOURT,DIRECTCON,Local,GREENLIGHT PCK,O,1,Normal
January,6,2348139842xxx,2348162912xxx,306.0,36.72,DC_ZONE_45,1718,PORT HARCOURT,DIRECTCON,Local,GREENLIGHT PCK,O,1,Normal
January,6,2348139842xxx,2348162915xxx,221.0,26.52,DC_ZONE_45,1718,PORT HARCOURT,DIRECTCON,Local,GREENLIGHT PCK,O,1,Normal
January,6,2348139842xxx,2348162972xxx,1.0,0.12,DC_ZONE_45,1718,PORT HARCOURT,DIRECTCON,Local,GREENLIGHT PCK,O,1,Normal
January,6,2348139842xxx,2348162999xxx,1.0,0.12,DC_ZONE_45,1718,PORT HARCOURT,DIRECTCON,Local,GREENLIGHT PCK,O,1,Normal
January,6,2348139842xxx,2348163006xxx,373.0,44.76,DC_ZONE_45,1718,PORT HARCOURT,DIRECTCON,Local,GREENLIGHT PCK,O,1,Normal
January,6,2348139842xxx,2348163049xxx,45.0,5.4,DC_ZONE_45,1718,PORT HARCOURT,DIRECTCON,Local,GREENLIGHT PCK,O,1,Normal
January,6,2348139842xxx,2348163075xxx,31.0,3.72,DC_ZONE_45,1718,PORT HARCOURT,DIRECTCON,Local,GREENLIGHT PCK,O,1,Normal
January,6,2348139842xxx,2348163082xxx,440.0,52.8,DC_ZONE_45,1718,PORT HARCOURT,DIRECTCON,Local,GREENLIGHT PCK,O,1,Normal
January,6,2348139842xxx,2348163101xxx,270.0,32.4,DC_ZONE_45,1718,PORT HARCOURT,DIRECTCON,Local,GREENLIGHT PCK,O,1,Normal
January,6,2348139842xxx,2348163144xxx,6.0,0.72,DC_ZONE_45,1718,PORT HARCOURT,DIRECTCON,Local,GREENLIGHT PCK,O,1,Normal
January,6,2348139842xxx,2348163232xxx,258.0,30.96,DC_ZONE_45,1718,PORT HARCOURT,DIRECTCON,Local,GREENLIGHT PCK,O,1,Normal
January,6,2348139842xxx,2348163259xxx,49.0,5.88,DC_ZONE_45,1718,PORT HARCOURT,DIRECTCON,Local,GREENLIGHT PCK,O,1,Normal
January,6,2348139842xxx,2348163259xxx,299.0,35.88,DC_ZONE_45,1718,PORT HARCOURT,DIRECTCON,Local,GREENLIGHT PCK,O,1,Normal
January,6,2348139842xxx,2348163388xxx,770.0,92.4,DC_ZONE_45,1718,PORT HARCOURT,DIRECTCON,Local,GREENLIGHT PCK,O,1,Normal
January,6,2348139842xxx,2348163430xxx,220.0,26.4,DC_ZONE_45,1718,PORT HARCOURT,DIRECTCON,Local,GREENLIGHT PCK,O,1,Normal
January,6,2348139842xxx,2348163442xxx,166.0,19.92,DC_ZONE_45,1718,PORT HARCOURT,DIRECTCON,Local,GREENLIGHT PCK,O,1,Normal
January,6,2348139842xxx,2348163444xxx,1.0,0.12,DC_ZONE_45,1718,PORT HARCOURT,DIRECTCON,Local,GREENLIGHT PCK,O,1,Normal
January,6,2348139842xxx,2348163452xxx,377.0,45.24,DC_ZONE_45,1718,PORT HARCOURT,DIRECTCON,Local,GREENLIGHT PCK,O,1,Normal
January,6,2348139842xxx,2348163458xxx,659.0,79.08,DC_ZONE_45,1718,PORT HARCOURT,DIRECTCON,Local,GREENLIGHT PCK,O,1,Normal
January,6,2348139842xxx,2348163500xxx,136.0,16.32,DC_ZONE_45,1718,PORT HARCOURT,DIRECTCON,Local,GREENLIGHT PCK,O,1,Normal
January,6,2348139842xxx,2348163542xxx,1.0,0.12,DC_ZONE_45,1718,PORT HARCOURT,DIRECTCON,Local,GREENLIGHT PCK,O,1,Normal
January,6,2348139842xxx,2348163566xxx,1.0,0.12,DC_ZONE_45,1718,PORT HARCOURT,DIRECTCON,Local,GREENLIGHT PCK,O,1,Normal
January,6,2348139842xxx,2348163598xxx,104.0,12.48,DC_ZONE_45,1718,PORT HARCOURT,DIRECTCON,Local,GREENLIGHT PCK,O,1,Normal
January,6,2348139842xxx,2348163648xxx,272.0,32.64,DC_ZONE_45,1718,PORT HARCOURT,DIRECTCON,Local,GREENLIGHT PCK,O,1,Normal
January,6,2348139842xxx,2348163650xxx,65.0,7.8,DC_ZONE_45,1718,PORT HARCOURT,DIRECTCON,Local,GREENLIGHT PCK,O,1,Normal
January,6,2348139842xxx,2348163676xxx,14.0,1.68,DC_ZONE_45,1718,PORT HARCOURT,DIRECTCON,Local,GREENLIGHT PCK,O,1,Normal
January,6,2348139842xxx,2348163692xxx,641.0,76.92,DC_ZONE_45,1718,PORT HARCOURT,DIRECTCON,Local,GREENLIGHT PCK,O,1,Normal
January,6,2348139842xxx,2348163818xxx,268.0,32.16,DC_ZONE_45,1718,PORT HARCOURT,DIRECTCON,Local,GREENLIGHT PCK,O,1,Normal
January,6,2348139842xxx,2348163827xxx,79.0,9.48,DC_ZONE_45,1718,PORT HARCOURT,DIRECTCON,Local,GREENLIGHT PCK,O,1,Normal
January,6,2348139842xxx,2348163835xxx,154.0,18.48,DC_ZONE_45,1718,PORT HARCOURT,DIRECTCON,Local,GREENLIGHT PCK,O,1,Normal
January,6,2348139842xxx,2348163888xxx,325.0,39.0,DC_ZONE_45,1718,PORT HARCOURT,DIRECTCON,Local,GREENLIGHT PCK,O,1,Normal
January,6,2348139842xxx,2348163917xxx,246.0,29.52,DC_ZONE_45,1718,PORT HARCOURT,DIRECTCON,Local,GREENLIGHT PCK,O,1,Normal
January,6,2348139842xxx,2348163928xxx,1.0,0.12,DC_ZONE_45,1718,PORT HARCOURT,DIRECTCON,Local,GREENLIGHT PCK,O,1,Normal
January,6,2348139842xxx,2348164011xxx,1.0,0.12,DC_ZONE_45,1718,PORT HARCOURT,DIRECTCON,Local,GREENLIGHT PCK,O,1,Normal
January,6,2348139842xxx,2348164056xxx,96.0,11.52,DC_ZONE_45,1718,PORT HARCOURT,DIRECTCON,Local,GREENLIGHT PCK,O,1,Normal
January,6,2348139842xxx,2348164157xxx,292.0,35.04,DC_ZONE_45,1718,PORT HARCOURT,DIRECTCON,Local,GREENLIGHT PCK,O,1,Normal
January,6,2348139842xxx,2348164203xxx,137.0,16.44,DC_ZONE_45,1718,PORT HARCOURT,DIRECTCON,Local,GREENLIGHT PCK,O,1,Normal
January,6,2348139842xxx,2348164212xxx,605.0,72.6,DC_ZONE_45,1718,PORT HARCOURT,DIRECTCON,Local,GREENLIGHT PCK,O,1,Normal
January,6,2348139842xxx,2348164241xxx,34.0,4.08,DC_ZONE_45,1718,PORT HARCOURT,DIRECTCON,Local,GREENLIGHT PCK,O,1,Normal
January,6,2348139842xxx,2348164257xxx,195.0,23.4,DC_ZONE_45,1718,PORT HARCOURT,DIRECTCON,Local,GREENLIGHT PCK,O,1,Normal
January,6,2348139842xxx,2348164270xxx,300.0,36.0,DC_ZONE_45,1718,PORT HARCOURT,DIRECTCON,Local,GREENLIGHT PCK,O,1,Normal
January,6,2348139842xxx,2348164314xxx,132.0,15.84,DC_ZONE_45,1718,PORT HARCOURT,DIRECTCON,Local,GREENLIGHT PCK,O,1,Normal
January,6,2348139842xxx,2348164317xxx,150.0,18.0,DC_ZONE_45,1718,PORT HARCOURT,DIRECTCON,Local,GREENLIGHT PCK,O,1,Normal
January,6,2348139842xxx,2348164334xxx,64.0,7.68,DC_ZONE_45,1718,PORT HARCOURT,DIRECTCON,Local,GREENLIGHT PCK,O,1,Normal
January,6,2348139842xxx,2348164355xxx,387.0,46.44,DC_ZONE_45,1718,PORT HARCOURT,DIRECTCON,Local,GREENLIGHT PCK,O,1,Normal
January,6,2348139842xxx,2348164357xxx,1.0,0.12,DC_ZONE_45,1718,PORT HARCOURT,DIRECTCON,Local,GREENLIGHT PCK,O,1,Normal
January,6,2348139842xxx,2348164400xxx,1.0,0.12,DC_ZONE_45,1718,PORT HARCOURT,DIRECTCON,Local,GREENLIGHT PCK,O,1,Normal
January,6,2348139842xxx,2348164419xxx,43.0,5.16,DC_ZONE_45,1718,PORT HARCOURT,DIRECTCON,Local,GREENLIGHT PCK,O,1,Normal
January,6,2348139842xxx,2348164438xxx,103.0,12.36,DC_ZONE_45,1718,PORT HARCOURT,DIRECTCON,Local,GREENLIGHT PCK,O,1,Normal
January,6,2348139842xxx,2348164457xxx,1.0,0.12,DC_ZONE_45,1718,PORT HARCOURT,DIRECTCON,Local,GREENLIGHT PCK,O,1,Normal
January,6,2348139842xxx,2348164484xxx,788.0,94.56,DC_ZONE_45,1718,PORT HARCOURT,DIRECTCON,Local,GREENLIGHT PCK,O,1,Normal
January,6,2348139842xxx,2348164569xxx,123.0,14.76,DC_ZONE_45,1718,PORT HARCOURT,DIRECTCON,Local,GREENLIGHT PCK,O,1,Normal
January,6,2348139842xxx,2348164587xxx,52.0,6.24,DC_ZONE_45,1718,PORT HARCOURT,DIRECTCON,Local,GREENLIGHT PCK,O,1,Normal
January,6,2348139842xxx,2348164661xxx,251.0,30.12,DC_ZONE_45,1718,PORT HARCOURT,DIRECTCON,Local,GREENLIGHT PCK,O,1,Normal
January,6,2348139842xxx,2348164672xxx,1.0,0.12,DC_ZONE_45,1718,PORT HARCOURT,DIRECTCON,Local,GREENLIGHT PCK,O,1,Normal
January,6,2348139842xxx,2348164684xxx,137.0,16.44,DC_ZONE_45,1718,PORT HARCOURT,DIRECTCON,Local,GREENLIGHT PCK,O,1,Normal
January,6,2348139842xxx,2348164702xxx,74.0,8.88,DC_ZONE_45,1718,PORT HARCOURT,DIRECTCON,Local,GREENLIGHT PCK,O,1,Normal
January,6,2348139842xxx,2348164702xxx,457.0,54.84,DC_ZONE_45,1718,PORT HARCOURT,DIRECTCON,Local,GREENLIGHT PCK,O,1,Normal
January,6,2348139842xxx,2348164799xxx,1.0,0.12,DC_ZONE_45,1718,PORT HARCOURT,DIRECTCON,Local,GREENLIGHT PCK,O,1,Normal
January,6,2348139842xxx,2348164863xxx,619.0,74.28,DC_ZONE_45,1718,PORT HARCOURT,DIRECTCON,Local,GREENLIGHT PCK,O,1,Normal
January,6,2348139842xxx,2348164900xxx,104.0,12.48,DC_ZONE_45,1718,PORT HARCOURT,DIRECTCON,Local,GREENLIGHT PCK,O,1,Normal
January,6,2348139842xxx,2348164909xxx,153.0,18.36,DC_ZONE_45,1718,PORT HARCOURT,DIRECTCON,Local,GREENLIGHT PCK,O,1,Normal
January,6,2348139842xxx,2348164994xxx,30.0,3.6,DC_ZONE_45,1718,PORT HARCOURT,DIRECTCON,Local,GREENLIGHT PCK,O,1,Normal
January,6,2348139842xxx,2348165013xxx,433.0,51.96,DC_ZONE_45,1718,PORT HARCOURT,DIRECTCON,Local,GREENLIGHT PCK,O,1,Normal
January,6,2348139842xxx,2348165018xxx,231.0,27.72,DC_ZONE_45,1718,PORT HARCOURT,DIRECTCON,Local,GREENLIGHT PCK,O,1,Normal
January,6,2348139842xxx,2348165039xxx,48.0,5.76,DC_ZONE_45,1718,PORT HARCOURT,DIRECTCON,Local,GREENLIGHT PCK,O,1,Normal
January,6,2348139842xxx,2348165041xxx,433.0,51.96,DC_ZONE_45,1718,PORT HARCOURT,DIRECTCON,Local,GREENLIGHT PCK,O,1,Normal
January,6,2348139842xxx,2348165058xxx,1.0,0.12,DC_ZONE_45,1718,PORT HARCOURT,DIRECTCON,Local,GREENLIGHT PCK,O,1,Normal
January,6,2348139842xxx,2348165061xxx,53.0,6.36,DC_ZONE_45,1718,PORT HARCOURT,DIRECTCON,Local,GREENLIGHT PCK,O,1,Normal
January,6,2348139842xxx,2348165066xxx,214.0,25.68,DC_ZONE_45,1718,PORT HARCOURT,DIRECTCON,Local,GREENLIGHT PCK,O,1,Normal
January,6,2348139842xxx,2348165090xxx,393.0,47.16,DC_ZONE_45,1718,PORT HARCOURT,DIRECTCON,Local,GREENLIGHT PCK,O,1,Normal
January,6,2348139842xxx,2348165091xxx,274.0,32.88,DC_ZONE_45,1718,PORT HARCOURT,DIRECTCON,Local,GREENLIGHT PCK,O,1,Normal
January,6,2348139842xxx,2348165166xxx,14.0,1.68,DC_ZONE_45,1718,PORT HARCOURT,DIRECTCON,Local,GREENLIGHT PCK,O,1,Normal
January,6,2348139842xxx,2348165177xxx,7.0,0.84,DC_ZONE_45,1718,PORT HARCOURT,DIRECTCON,Local,GREENLIGHT PCK,O,1,Normal
January,6,2348139842xxx,2348165185xxx,5.0,0.6,DC_ZONE_45,1718,PORT HARCOURT,DIRECTCON,Local,GREENLIGHT PCK,O,1,Normal
January,6,2348139842xxx,2348165211xxx,70.0,8.4,DC_ZONE_45,1718,PORT HARCOURT,DIRECTCON,Local,GREENLIGHT PCK,O,1,Normal
January,6,2348139842xxx,2348165235xxx,60.0,7.2,DC_ZONE_45,1718,PORT HARCOURT,DIRECTCON,Local,GREENLIGHT PCK,O,1,Normal
January,6,2348139842xxx,2348165236xxx,291.0,34.92,DC_ZONE_45,1718,PORT HARCOURT,DIRECTCON,Local,GREENLIGHT PCK,O,1,Normal
January,6,2348139842xxx,2348165245xxx,259.0,31.08,DC_ZONE_45,1718,PORT HARCOURT,DIRECTCON,Local,GREENLIGHT PCK,O,1,Normal
January,6,2348139842xxx,2348165253xxx,39.0,4.68,DC_ZONE_45,1718,PORT HARCOURT,DIRECTCON,Local,GREENLIGHT PCK,O,1,Normal
January,6,2348139842xxx,2348165266xxx,545.0,65.4,DC_ZONE_45,1718,PORT HARCOURT,DIRECTCON,Local,GREENLIGHT PCK,O,1,Normal
January,6,2348139842xxx,2348165274xxx,1.0,0.12,DC_ZONE_45,1718,PORT HARCOURT,DIRECTCON,Local,GREENLIGHT PCK,O,1,Normal
January,6,2348139842xxx,2348165303xxx,13.0,1.56,DC_ZONE_45,1718,PORT HARCOURT,DIRECTCON,Local,GREENLIGHT PCK,O,1,Normal
January,6,2348139842xxx,2348165305xxx,108.0,12.96,DC_ZONE_45,1718,PORT HARCOURT,DIRECTCON,Local,GREENLIGHT PCK,O,1,Normal
January,6,2348139842xxx,2348165311xxx,107.0,12.84,DC_ZONE_45,1718,PORT HARCOURT,DIRECTCON,Local,GREENLIGHT PCK,O,1,Normal
January,6,2348139842xxx,2348165316xxx,22.0,2.64,DC_ZONE_45,1718,PORT HARCOURT,DIRECTCON,Local,GREENLIGHT PCK,O,1,Normal
January,6,2348139842xxx,2348165324xxx,30.0,3.6,DC_ZONE_45,1718,PORT HARCOURT,DIRECTCON,Local,GREENLIGHT PCK,O,1,Normal
January,6,2348139842xxx,2348165347xxx,110.0,13.2,DC_ZONE_45,1718,PORT HARCOURT,DIRECTCON,Local,GREENLIGHT PCK,O,1,Normal
January,6,2348139842xxx,2348165400xxx,165.0,19.8,DC_ZONE_45,1718,PORT HARCOURT,DIRECTCON,Local,GREENLIGHT PCK,O,1,Normal
January,6,2348139842xxx,2348165405xxx,233.0,27.96,DC_ZONE_45,1718,PORT HARCOURT,DIRECTCON,Local,GREENLIGHT PCK,O,1,Normal
January,6,2348139842xxx,2348165512xxx,289.0,34.68,DC_ZONE_45,1718,PORT HARCOURT,DIRECTCON,Local,GREENLIGHT PCK,O,1,Normal
January,6,2348139842xxx,2348165549xxx,479.0,57.48,DC_ZONE_45,1718,PORT HARCOURT,DIRECTCON,Local,GREENLIGHT PCK,O,1,Normal
January,6,2348139842xxx,2348165585xxx,1.0,0.12,DC_ZONE_45,1718,PORT HARCOURT,DIRECTCON,Local,GREENLIGHT PCK,O,1,Normal
January,6,2348139842xxx,2348165612xxx,1.0,0.12,DC_ZONE_45,1718,PORT HARCOURT,DIRECTCON,Local,GREENLIGHT PCK,O,1,Normal
January,6,2348139842xxx,2348165641xxx,613.0,73.56,DC_ZONE_45,1718,PORT HARCOURT,DIRECTCON,Local,GREENLIGHT PCK,O,1,Normal
January,6,2348139842xxx,2348165662xxx,618.0,74.16,DC_ZONE_45,1718,PORT HARCOURT,DIRECTCON,Local,GREENLIGHT PCK,O,1,Normal
January,6,2348139842xxx,2348165701xxx,431.0,51.72,DC_ZONE_45,1718,PORT HARCOURT,DIRECTCON,Local,GREENLIGHT PCK,O,1,Normal
January,6,2348139842xxx,2348165715xxx,1.0,0.12,DC_ZONE_45,1718,PORT HARCOURT,DIRECTCON,Local,GREENLIGHT PCK,O,1,Normal
January,6,2348139842xxx,2348165725xxx,100.0,12.0,DC_ZONE_45,1718,PORT HARCOURT,DIRECTCON,Local,GREENLIGHT PCK,O,1,Normal
January,6,2348139842xxx,2348165749xxx,1.0,0.12,DC_ZONE_45,1718,PORT HARCOURT,DIRECTCON,Local,GREENLIGHT PCK,O,1,Normal
January,6,2348139842xxx,2348165751xxx,4.0,0.48,DC_ZONE_45,1718,PORT HARCOURT,DIRECTCON,Local,GREENLIGHT PCK,O,1,Normal
January,6,2348139842xxx,2348165772xxx,507.0,60.84,DC_ZONE_45,1718,PORT HARCOURT,DIRECTCON,Local,GREENLIGHT PCK,O,1,Normal
January,6,2348139842xxx,2348165956xxx,1.0,0.12,DC_ZONE_45,1718,PORT HARCOURT,DIRECTCON,Local,GREENLIGHT PCK,O,1,Normal
January,6,2348139842xxx,2348165996xxx,414.0,49.68,DC_ZONE_45,1718,PORT HARCOURT,DIRECTCON,Local,GREENLIGHT PCK,O,1,Normal
January,6,2348139842xxx,2348166021xxx,275.0,33.0,DC_ZONE_45,1718,PORT HARCOURT,DIRECTCON,Local,GREENLIGHT PCK,O,1,Normal
January,6,2348139842xxx,2348166026xxx,11.0,1.32,DC_ZONE_45,1718,PORT HARCOURT,DIRECTCON,Local,GREENLIGHT PCK,O,1,Normal
January,6,2348139842xxx,2348166046xxx,116.0,13.92,DC_ZONE_45,1718,PORT HARCOURT,DIRECTCON,Local,GREENLIGHT PCK,O,1,Normal
January,6,2348139842xxx,2348166059xxx,330.0,39.6,DC_ZONE_45,1718,PORT HARCOURT,DIRECTCON,Local,GREENLIGHT PCK,O,1,Normal
January,6,2348139842xxx,2348166108xxx,90.0,10.8,DC_ZONE_45,1718,PORT HARCOURT,DIRECTCON,Local,GREENLIGHT PCK,O,1,Normal
January,6,2348139842xxx,2348166160xxx,35.0,4.2,DC_ZONE_45,1718,PORT HARCOURT,DIRECTCON,Local,GREENLIGHT PCK,O,1,Normal
January,6,2348139842xxx,2348166198xxx,128.0,15.36,DC_ZONE_45,1718,PORT HARCOURT,DIRECTCON,Local,GREENLIGHT PCK,O,1,Normal
January,6,2348139842xxx,2348166212xxx,420.0,50.4,DC_ZONE_45,1718,PORT HARCOURT,DIRECTCON,Local,GREENLIGHT PCK,O,1,Normal
January,6,2348139842xxx,2348166221xxx,31.0,3.72,DC_ZONE_45,1718,PORT HARCOURT,DIRECTCON,Local,GREENLIGHT PCK,O,1,Normal
January,6,2348139842xxx,2348166306xxx,253.0,30.36,DC_ZONE_45,1718,PORT HARCOURT,DIRECTCON,Local,GREENLIGHT PCK,O,1,Normal
January,6,2348139842xxx,2348166348xxx,91.0,10.92,DC_ZONE_45,1718,PORT HARCOURT,DIRECTCON,Local,GREENLIGHT PCK,O,1,Normal
January,6,2348139842xxx,2348166351xxx,35.0,4.2,DC_ZONE_45,1718,PORT HARCOURT,DIRECTCON,Local,GREENLIGHT PCK,O,1,Normal
January,6,2348139842xxx,2348166361xxx,142.0,17.04,DC_ZONE_45,1718,PORT HARCOURT,DIRECTCON,Local,GREENLIGHT PCK,O,1,Normal
January,6,2348139842xxx,2348166365xxx,279.0,33.48,DC_ZONE_45,1718,PORT HARCOURT,DIRECTCON,Local,GREENLIGHT PCK,O,1,Normal
January,6,2348139842xxx,2348166370xxx,289.0,34.68,DC_ZONE_45,1718,PORT HARCOURT,DIRECTCON,Local,GREENLIGHT PCK,O,1,Normal
January,6,2348139842xxx,2348166386xxx,113.0,13.56,DC_ZONE_45,1718,PORT HARCOURT,DIRECTCON,Local,GREENLIGHT PCK,O,1,Normal
January,6,2348139842xxx,2348166458xxx,1.0,0.12,DC_ZONE_45,1718,PORT HARCOURT,DIRECTCON,Local,GREENLIGHT PCK,O,1,Normal
January,6,2348139842xxx,2348166517xxx,302.0,36.24,DC_ZONE_45,1718,PORT HARCOURT,DIRECTCON,Local,GREENLIGHT PCK,O,1,Normal
January,6,2348139842xxx,2348166528xxx,270.0,32.4,DC_ZONE_45,1718,PORT HARCOURT,DIRECTCON,Local,GREENLIGHT PCK,O,1,Normal
January,6,2348139842xxx,2348166547xxx,366.0,43.92,DC_ZONE_45,1718,PORT HARCOURT,DIRECTCON,Local,GREENLIGHT PCK,O,1,Normal
January,6,2348139842xxx,2348166551xxx,337.0,40.44,DC_ZONE_45,1718,PORT HARCOURT,DIRECTCON,Local,GREENLIGHT PCK,O,1,Normal
January,6,2348139842xxx,2348166570xxx,317.0,38.04,DC_ZONE_45,1718,PORT HARCOURT,DIRECTCON,Local,GREENLIGHT PCK,O,1,Normal
January,6,2348139842xxx,2348166613xxx,265.0,31.8,DC_ZONE_45,1718,PORT HARCOURT,DIRECTCON,Local,GREENLIGHT PCK,O,1,Normal
January,6,2348139842xxx,2348166613xxx,142.0,17.04,DC_ZONE_45,1718,PORT HARCOURT,DIRECTCON,Local,GREENLIGHT PCK,O,1,Normal
January,6,2348139842xxx,2348166638xxx,114.0,13.68,DC_ZONE_45,1718,PORT HARCOURT,DIRECTCON,Local,GREENLIGHT PCK,O,1,Normal
January,6,2348139842xxx,2348166648xxx,343.0,41.16,DC_ZONE_45,1718,PORT HARCOURT,DIRECTCON,Local,GREENLIGHT PCK,O,1,Normal
January,6,2348139842xxx,2348166665xxx,488.0,58.56,DC_ZONE_45,1718,PORT HARCOURT,DIRECTCON,Local,GREENLIGHT PCK,O,1,Normal
January,6,2348139842xxx,2348166665xxx,312.0,37.44,DC_ZONE_45,1718,PORT HARCOURT,DIRECTCON,Local,GREENLIGHT PCK,O,1,Normal
January,6,2348139842xxx,2348166674xxx,6.0,0.72,DC_ZONE_45,1718,PORT HARCOURT,DIRECTCON,Local,GREENLIGHT PCK,O,1,Normal
January,6,2348139842xxx,2348166726xxx,6.0,0.72,DC_ZONE_45,1718,PORT HARCOURT,DIRECTCON,Local,GREENLIGHT PCK,O,1,Normal
January,6,2348139842xxx,2348166749xxx,608.0,72.96,DC_ZONE_45,1718,PORT HARCOURT,DIRECTCON,Local,GREENLIGHT PCK,O,1,Normal
January,6,2348139842xxx,2348166801xxx,118.0,14.16,DC_ZONE_45,1718,PORT HARCOURT,DIRECTCON,Local,GREENLIGHT PCK,O,1,Normal
January,6,2348139842xxx,2348166817xxx,9.0,1.08,DC_ZONE_45,1718,PORT HARCOURT,DIRECTCON,Local,GREENLIGHT PCK,O,1,Normal
January,6,2348139842xxx,2348166820xxx,114.0,13.68,DC_ZONE_45,1718,PORT HARCOURT,DIRECTCON,Local,GREENLIGHT PCK,O,1,Normal
January,6,2348139842xxx,2348166830xxx,15.0,1.8,DC_ZONE_45,1718,PORT HARCOURT,DIRECTCON,Local,GREENLIGHT PCK,O,1,Normal
January,6,2348139842xxx,2348166870xxx,134.0,16.08,DC_ZONE_45,1718,PORT HARCOURT,DIRECTCON,Local,GREENLIGHT PCK,O,1,Normal
January,6,2348139842xxx,2348166889xxx,315.0,37.8,DC_ZONE_45,1718,PORT HARCOURT,DIRECTCON,Local,GREENLIGHT PCK,O,1,Normal
January,6,2348139842xxx,2348166920xxx,417.0,50.04,DC_ZONE_45,1718,PORT HARCOURT,DIRECTCON,Local,GREENLIGHT PCK,O,1,Normal
January,6,2348139842xxx,2348166928xxx,3.0,0.36,DC_ZONE_45,1718,PORT HARCOURT,DIRECTCON,Local,GREENLIGHT PCK,O,1,Normal
January,6,2348139842xxx,2348166931xxx,176.0,21.12,DC_ZONE_45,1718,PORT HARCOURT,DIRECTCON,Local,GREENLIGHT PCK,O,1,Normal
January,6,2348139842xxx,2348167013xxx,118.0,14.16,DC_ZONE_45,1718,PORT HARCOURT,DIRECTCON,Local,GREENLIGHT PCK,O,1,Normal
January,6,2348139842xxx,2348167053xxx,386.0,46.32,DC_ZONE_45,1718,PORT HARCOURT,DIRECTCON,Local,GREENLIGHT PCK,O,1,Normal
January,6,2348139842xxx,2348167141xxx,125.0,15.0,DC_ZONE_45,1718,PORT HARCOURT,DIRECTCON,Local,GREENLIGHT PCK,O,1,Normal
January,6,2348139842xxx,2348167182xxx,496.0,59.52,DC_ZONE_45,1718,PORT HARCOURT,DIRECTCON,Local,GREENLIGHT PCK,O,1,Normal
January,6,2348139842xxx,2348167188xxx,99.0,11.88,DC_ZONE_45,1718,PORT HARCOURT,DIRECTCON,Local,GREENLIGHT PCK,O,1,Normal
January,6,2348139842xxx,2348167234xxx,77.0,9.24,DC_ZONE_45,1718,PORT HARCOURT,DIRECTCON,Local,GREENLIGHT PCK,O,1,Normal
January,6,2348139842xxx,2348167239xxx,110.0,13.2,DC_ZONE_45,1718,PORT HARCOURT,DIRECTCON,Local,GREENLIGHT PCK,O,1,Normal
January,6,2348139842xxx,2348167245xxx,5.0,0.6,DC_ZONE_45,1718,PORT HARCOURT,DIRECTCON,Local,GREENLIGHT PCK,O,1,Normal
January,6,2348139842xxx,2348167268xxx,502.0,60.24,DC_ZONE_45,1718,PORT HARCOURT,DIRECTCON,Local,GREENLIGHT PCK,O,1,Normal
January,6,2348139842xxx,2348167311xxx,112.0,13.44,DC_ZONE_45,1718,PORT HARCOURT,DIRECTCON,Local,GREENLIGHT PCK,O,1,Normal
January,6,2348139842xxx,2348167329xxx,1.0,0.12,DC_ZONE_45,1718,PORT HARCOURT,DIRECTCON,Local,GREENLIGHT PCK,O,1,Normal
January,6,2348139842xxx,2348167355xxx,102.0,12.24,DC_ZONE_45,1718,PORT HARCOURT,DIRECTCON,Local,GREENLIGHT PCK,O,1,Normal
January,6,2348139842xxx,2348167385xxx,64.0,7.68,DC_ZONE_45,1718,PORT HARCOURT,DIRECTCON,Local,GREENLIGHT PCK,O,1,Normal
January,6,2348139842xxx,2348167394xxx,71.0,8.52,DC_ZONE_45,1718,PORT HARCOURT,DIRECTCON,Local,GREENLIGHT PCK,O,1,Normal
January,6,2348139842xxx,2348167404xxx,73.0,8.76,DC_ZONE_45,1718,PORT HARCOURT,DIRECTCON,Local,GREENLIGHT PCK,O,1,Normal
January,6,2348139842xxx,2348167406xxx,365.0,43.8,DC_ZONE_45,1718,PORT HARCOURT,DIRECTCON,Local,GREENLIGHT PCK,O,1,Normal
January,6,2348139842xxx,2348167489xxx,1.0,0.12,DC_ZONE_45,1718,PORT HARCOURT,DIRECTCON,Local,GREENLIGHT PCK,O,1,Normal
January,6,2348139842xxx,2348167517xxx,1.0,0.12,DC_ZONE_45,1718,PORT HARCOURT,DIRECTCON,Local,GREENLIGHT PCK,O,1,Normal
January,6,2348139842xxx,2348167557xxx,27.0,3.24,DC_ZONE_45,1718,PORT HARCOURT,DIRECTCON,Local,GREENLIGHT PCK,O,1,Normal
January,6,2348139842xxx,2348167558xxx,1.0,0.12,DC_ZONE_45,1718,PORT HARCOURT,DIRECTCON,Local,GREENLIGHT PCK,O,1,Normal
January,6,2348139842xxx,2348167566xxx,679.0,81.48,DC_ZONE_45,1718,PORT HARCOURT,DIRECTCON,Local,GREENLIGHT PCK,O,1,Normal
January,6,2348139842xxx,2348167610xxx,258.0,30.96,DC_ZONE_45,1718,PORT HARCOURT,DIRECTCON,Local,GREENLIGHT PCK,O,1,Normal
January,6,2348139842xxx,2348167612xxx,7.0,0.84,DC_ZONE_45,1718,PORT HARCOURT,DIRECTCON,Local,GREENLIGHT PCK,O,1,Normal
January,6,2348139842xxx,2348167619xxx,1.0,0.12,DC_ZONE_45,1718,PORT HARCOURT,DIRECTCON,Local,GREENLIGHT PCK,O,1,Normal
January,6,2348139842xxx,2348167629xxx,304.0,36.48,DC_ZONE_45,1718,PORT HARCOURT,DIRECTCON,Local,GREENLIGHT PCK,O,1,Normal
January,6,2348139842xxx,2348167648xxx,422.0,50.64,DC_ZONE_45,1718,PORT HARCOURT,DIRECTCON,Local,GREENLIGHT PCK,O,1,Normal
January,6,2348139842xxx,2348167660xxx,22.0,2.64,DC_ZONE_45,1718,PORT HARCOURT,DIRECTCON,Local,GREENLIGHT PCK,O,1,Normal
January,6,2348139842xxx,2348167673xxx,65.0,7.8,DC_ZONE_45,1718,PORT HARCOURT,DIRECTCON,Local,GREENLIGHT PCK,O,1,Normal
January,6,2348139842xxx,2348167703xxx,33.0,3.96,DC_ZONE_45,1718,PORT HARCOURT,DIRECTCON,Local,GREENLIGHT PCK,O,1,Normal
January,6,2348139842xxx,2348167745xxx,34.0,4.08,DC_ZONE_45,1718,PORT HARCOURT,DIRECTCON,Local,GREENLIGHT PCK,O,1,Normal
January,6,2348139842xxx,2348167763xxx,418.0,50.16,DC_ZONE_45,1718,PORT HARCOURT,DIRECTCON,Local,GREENLIGHT PCK,O,1,Normal
January,6,2348139842xxx,2348167766xxx,611.0,73.32,DC_ZONE_45,1718,PORT HARCOURT,DIRECTCON,Local,GREENLIGHT PCK,O,1,Normal
January,6,2348139842xxx,2348167784xxx,89.0,10.68,DC_ZONE_45,1718,PORT HARCOURT,DIRECTCON,Local,GREENLIGHT PCK,O,1,Normal
January,6,2348139842xxx,2348167857xxx,1.0,0.12,DC_ZONE_45,1718,PORT HARCOURT,DIRECTCON,Local,GREENLIGHT PCK,O,1,Normal
January,6,2348139842xxx,2348167885xxx,1.0,0.12,DC_ZONE_45,1718,PORT HARCOURT,DIRECTCON,Local,GREENLIGHT PCK,O,1,Normal
January,6,2348139842xxx,2348167914xxx,47.0,5.64,DC_ZONE_45,1718,PORT HARCOURT,DIRECTCON,Local,GREENLIGHT PCK,O,1,Normal
January,6,2348139842xxx,2348167929xxx,193.0,23.16,DC_ZONE_45,1718,PORT HARCOURT,DIRECTCON,Local,GREENLIGHT PCK,O,1,Normal
January,6,2348139842xxx,2348167971xxx,12.0,1.44,DC_ZONE_45,1718,PORT HARCOURT,DIRECTCON,Local,GREENLIGHT PCK,O,1,Normal
January,6,2348139842xxx,2348168009xxx,153.0,18.36,DC_ZONE_45,1718,PORT HARCOURT,DIRECTCON,Local,GREENLIGHT PCK,O,1,Normal
January,6,2348139842xxx,2348168023xxx,158.0,18.96,DC_ZONE_45,1718,PORT HARCOURT,DIRECTCON,Local,GREENLIGHT PCK,O,1,Normal
January,6,2348139842xxx,2348168039xxx,67.0,8.04,DC_ZONE_45,1718,PORT HARCOURT,DIRECTCON,Local,GREENLIGHT PCK,O,1,Normal
January,6,2348139842xxx,2348168080xxx,359.0,43.08,DC_ZONE_45,1718,PORT HARCOURT,DIRECTCON,Local,GREENLIGHT PCK,O,1,Normal
January,6,2348139842xxx,2348168081xxx,324.0,38.88,DC_ZONE_45,1718,PORT HARCOURT,DIRECTCON,Local,GREENLIGHT PCK,O,1,Normal
January,6,2348139842xxx,2348168140xxx,5.0,0.6,DC_ZONE_45,1718,PORT HARCOURT,DIRECTCON,Local,GREENLIGHT PCK,O,1,Normal
January,6,2348139842xxx,2348168150xxx,429.0,51.48,DC_ZONE_45,1718,PORT HARCOURT,DIRECTCON,Local,GREENLIGHT PCK,O,1,Normal
January,6,2348139842xxx,2348168208xxx,536.0,64.32,DC_ZONE_45,1718,PORT HARCOURT,DIRECTCON,Local,GREENLIGHT PCK,O,1,Normal
January,6,2348139842xxx,2348168263xxx,96.0,11.52,DC_ZONE_45,1718,PORT HARCOURT,DIRECTCON,Local,GREENLIGHT PCK,O,1,Normal
January,6,2348139842xxx,2348168305xxx,36.0,4.32,DC_ZONE_45,1718,PORT HARCOURT,DIRECTCON,Local,GREENLIGHT PCK,O,1,Normal
January,6,2348139842xxx,2348168416xxx,437.0,52.44,DC_ZONE_45,1718,PORT HARCOURT,DIRECTCON,Local,GREENLIGHT PCK,O,1,Normal
January,6,2348139842xxx,2348168579xxx,2.0,0.24,DC_ZONE_45,1718,PORT HARCOURT,DIRECTCON,Local,GREENLIGHT PCK,O,1,Normal
January,6,2348139842xxx,2348168580xxx,399.0,47.88,DC_ZONE_45,1718,PORT HARCOURT,DIRECTCON,Local,GREENLIGHT PCK,O,1,Normal
January,6,2348139842xxx,2348168646xxx,276.0,33.12,DC_ZONE_45,1718,PORT HARCOURT,DIRECTCON,Local,GREENLIGHT PCK,O,1,Normal
January,6,2348139842xxx,2348168696xxx,15.0,1.8,DC_ZONE_45,1718,PORT HARCOURT,DIRECTCON,Local,GREENLIGHT PCK,O,1,Normal
January,6,2348139842xxx,2348168716xxx,61.0,7.32,DC_ZONE_45,1718,PORT HARCOURT,DIRECTCON,Local,GREENLIGHT PCK,O,1,Normal
January,6,2348139842xxx,2348168737xxx,432.0,51.84,DC_ZONE_45,1718,PORT HARCOURT,DIRECTCON,Local,GREENLIGHT PCK,O,1,Normal
January,6,2348139842xxx,2348168774xxx,327.0,39.24,DC_ZONE_45,1718,PORT HARCOURT,DIRECTCON,Local,GREENLIGHT PCK,O,1,Normal
January,6,2348139842xxx,2348168779xxx,579.0,69.48,DC_ZONE_45,1718,PORT HARCOURT,DIRECTCON,Local,GREENLIGHT PCK,O,1,Normal
January,6,2348139842xxx,2348168791xxx,298.0,35.76,DC_ZONE_45,1718,PORT HARCOURT,DIRECTCON,Local,GREENLIGHT PCK,O,1,Normal
January,6,2348139842xxx,2348168827xxx,44.0,5.28,DC_ZONE_45,1718,PORT HARCOURT,DIRECTCON,Local,GREENLIGHT PCK,O,1,Normal
January,6,2348139842xxx,2348168831xxx,266.0,31.92,DC_ZONE_45,1718,PORT HARCOURT,DIRECTCON,Local,GREENLIGHT PCK,O,1,Normal
January,6,2348139842xxx,2348168849xxx,323.0,38.76,DC_ZONE_45,1718,PORT HARCOURT,DIRECTCON,Local,GREENLIGHT PCK,O,1,Normal
January,6,2348139842xxx,2348168868xxx,976.0,117.12,DC_ZONE_45,1718,PORT HARCOURT,DIRECTCON,Local,GREENLIGHT PCK,O,1,Normal
January,6,2348139842xxx,2348168889xxx,263.0,31.56,DC_ZONE_45,1718,PORT HARCOURT,DIRECTCON,Local,GREENLIGHT PCK,O,1,Normal
January,6,2348139842xxx,2348168907xxx,24.0,2.88,DC_ZONE_45,1718,PORT HARCOURT,DIRECTCON,Local,GREENLIGHT PCK,O,1,Normal
January,6,2348139842xxx,2348168913xxx,478.0,57.36,DC_ZONE_45,1718,PORT HARCOURT,DIRECTCON,Local,GREENLIGHT PCK,O,1,Normal
January,6,2348139842xxx,2348168915xxx,394.0,47.28,DC_ZONE_45,1718,PORT HARCOURT,DIRECTCON,Local,GREENLIGHT PCK,O,1,Normal
January,6,2348139842xxx,2348168929xxx,37.0,4.44,DC_ZONE_45,1718,PORT HARCOURT,DIRECTCON,Local,GREENLIGHT PCK,O,1,Normal
January,6,2348139842xxx,2348168963xxx,4.0,0.48,DC_ZONE_45,1718,PORT HARCOURT,DIRECTCON,Local,GREENLIGHT PCK,O,1,Normal
January,6,2348139842xxx,2348168965xxx,1.0,0.12,DC_ZONE_45,1718,PORT HARCOURT,DIRECTCON,Local,GREENLIGHT PCK,O,1,Normal
January,6,2348139842xxx,2348168966xxx,328.0,39.36,DC_ZONE_45,1718,PORT HARCOURT,DIRECTCON,Local,GREENLIGHT PCK,O,1,Normal
January,6,2348139842xxx,2348168970xxx,179.0,21.48,DC_ZONE_45,1718,PORT HARCOURT,DIRECTCON,Local,GREENLIGHT PCK,O,1,Normal
January,6,2348139842xxx,2348168982xxx,396.0,47.52,DC_ZONE_45,1718,PORT HARCOURT,DIRECTCON,Local,GREENLIGHT PCK,O,1,Normal
January,6,2348139842xxx,2348168997xxx,353.0,42.36,DC_ZONE_45,1718,PORT HARCOURT,DIRECTCON,Local,GREENLIGHT PCK,O,1,Normal
January,6,2348139842xxx,2348169029xxx,482.0,57.84,DC_ZONE_45,1718,PORT HARCOURT,DIRECTCON,Local,GREENLIGHT PCK,O,1,Normal
January,6,2348139842xxx,2348169068xxx,450.0,54.0,DC_ZONE_45,1718,PORT HARCOURT,DIRECTCON,Local,GREENLIGHT PCK,O,1,Normal
January,6,2348139842xxx,2348169072xxx,375.0,45.0,DC_ZONE_45,1718,PORT HARCOURT,DIRECTCON,Local,GREENLIGHT PCK,O,1,Normal
January,6,2348139842xxx,2348169088xxx,12.0,1.44,DC_ZONE_45,1718,PORT HARCOURT,DIRECTCON,Local,GREENLIGHT PCK,O,1,Normal
January,6,2348139842xxx,2348169099xxx,133.0,15.96,DC_ZONE_45,1718,PORT HARCOURT,DIRECTCON,Local,GREENLIGHT PCK,O,1,Normal
January,6,2348139842xxx,2348169120xxx,36.0,4.32,DC_ZONE_45,1718,PORT HARCOURT,DIRECTCON,Local,GREENLIGHT PCK,O,1,Normal
January,6,2348139842xxx,2348169224xxx,107.0,12.84,DC_ZONE_45,1718,PORT HARCOURT,DIRECTCON,Local,GREENLIGHT PCK,O,1,Normal
January,6,2348139842xxx,2348169230xxx,426.0,51.12,DC_ZONE_45,1718,PORT HARCOURT,DIRECTCON,Local,GREENLIGHT PCK,O,1,Normal
January,6,2348139842xxx,2348169257xxx,385.0,46.2,DC_ZONE_45,1718,PORT HARCOURT,DIRECTCON,Local,GREENLIGHT PCK,O,1,Normal
January,6,2348139842xxx,2348169322xxx,1.0,0.12,DC_ZONE_45,1718,PORT HARCOURT,DIRECTCON,Local,GREENLIGHT PCK,O,1,Normal
January,6,2348139842xxx,2348169329xxx,280.0,33.6,DC_ZONE_45,1718,PORT HARCOURT,DIRECTCON,Local,GREENLIGHT PCK,O,1,Normal
January,6,2348139842xxx,2348169416xxx,990.0,118.8,DC_ZONE_45,1718,PORT HARCOURT,DIRECTCON,Local,GREENLIGHT PCK,O,1,Normal
January,6,2348139842xxx,2348169416xxx,182.0,21.84,DC_ZONE_45,1718,PORT HARCOURT,DIRECTCON,Local,GREENLIGHT PCK,O,1,Normal
January,6,2348139842xxx,2348169443xxx,91.0,10.92,DC_ZONE_45,1718,PORT HARCOURT,DIRECTCON,Local,GREENLIGHT PCK,O,1,Normal
January,6,2348139842xxx,2348169484xxx,259.0,31.08,DC_ZONE_45,1718,PORT HARCOURT,DIRECTCON,Local,GREENLIGHT PCK,O,1,Normal
January,6,2348139842xxx,2348169497xxx,268.0,32.16,DC_ZONE_45,1718,PORT HARCOURT,DIRECTCON,Local,GREENLIGHT PCK,O,1,Normal
January,6,2348139842xxx,2348169595xxx,2.0,0.24,DC_ZONE_45,1718,PORT HARCOURT,DIRECTCON,Local,GREENLIGHT PCK,O,1,Normal
January,6,2348139842xxx,2348169640xxx,141.0,16.92,DC_ZONE_45,1718,PORT HARCOURT,DIRECTCON,Local,GREENLIGHT PCK,O,1,Normal
January,6,2348139842xxx,2348169683xxx,79.0,9.48,DC_ZONE_45,1718,PORT HARCOURT,DIRECTCON,Local,GREENLIGHT PCK,O,1,Normal
January,6,2348139842xxx,2348169697xxx,49.0,5.88,DC_ZONE_45,1718,PORT HARCOURT,DIRECTCON,Local,GREENLIGHT PCK,O,1,Normal
January,6,2348139842xxx,2348169740xxx,182.0,21.84,DC_ZONE_45,1718,PORT HARCOURT,DIRECTCON,Local,GREENLIGHT PCK,O,1,Normal
January,6,2348139842xxx,2348169784xxx,272.0,32.64,DC_ZONE_45,1718,PORT HARCOURT,DIRECTCON,Local,GREENLIGHT PCK,O,1,Normal
January,6,2348139842xxx,2348169867xxx,299.0,35.88,DC_ZONE_45,1718,PORT HARCOURT,DIRECTCON,Local,GREENLIGHT PCK,O,1,Normal
January,6,2348139842xxx,2348169915xxx,310.0,37.2,DC_ZONE_45,1718,PORT HARCOURT,DIRECTCON,Local,GREENLIGHT PCK,O,1,Normal
January,6,2348139842xxx,2348169925xxx,417.0,50.04,DC_ZONE_45,1718,PORT HARCOURT,DIRECTCON,Local,GREENLIGHT PCK,O,1,Normal
January,6,2348139842xxx,2348169965xxx,338.0,40.56,DC_ZONE_45,1718,PORT HARCOURT,DIRECTCON,Local,GREENLIGHT PCK,O,1,Normal
January,6,2348139842xxx,2348169986xxx,407.0,48.84,DC_ZONE_45,1718,PORT HARCOURT,DIRECTCON,Local,GREENLIGHT PCK,O,1,Normal
January,6,2348139842xxx,2349030024xxx,84.0,10.08,DC_ZONE_45,1724,PORT HARCOURT,DIRECTCON,Local,GREENLIGHT PCK,O,1,Normal
January,6,2348139842xxx,2349030051xxx,368.0,44.16,DC_ZONE_45,1724,PORT HARCOURT,DIRECTCON,Local,GREENLIGHT PCK,O,1,Normal
January,6,2348139842xxx,2349030051xxx,340.0,40.8,DC_ZONE_45,1724,PORT HARCOURT,DIRECTCON,Local,GREENLIGHT PCK,O,1,Normal
January,6,2348139842xxx,2349030059xxx,577.0,69.24,DC_ZONE_45,1724,PORT HARCOURT,DIRECTCON,Local,GREENLIGHT PCK,O,1,Normal
January,6,2348139842xxx,2349030102xxx,381.0,45.72,DC_ZONE_45,1724,PORT HARCOURT,DIRECTCON,Local,GREENLIGHT PCK,O,1,Normal
January,6,2348139842xxx,2349030110xxx,258.0,30.96,DC_ZONE_45,1724,PORT HARCOURT,DIRECTCON,Local,GREENLIGHT PCK,O,1,Normal
January,6,2348139842xxx,2349030147xxx,99.0,11.88,DC_ZONE_45,1724,PORT HARCOURT,DIRECTCON,Local,GREENLIGHT PCK,O,1,Normal
January,6,2348139842xxx,2349030154xxx,380.0,45.6,DC_ZONE_45,1724,PORT HARCOURT,DIRECTCON,Local,GREENLIGHT PCK,O,1,Normal
January,6,2348139842xxx,2349030262xxx,505.0,60.6,DC_ZONE_45,1724,PORT HARCOURT,DIRECTCON,Local,GREENLIGHT PCK,O,1,Normal
January,6,2348139842xxx,2349030326xxx,298.0,35.76,DC_ZONE_45,1724,PORT HARCOURT,DIRECTCON,Local,GREENLIGHT PCK,O,1,Normal
January,6,2348139842xxx,2349030340xxx,332.0,39.84,DC_ZONE_45,1724,PORT HARCOURT,DIRECTCON,Local,GREENLIGHT PCK,O,1,Normal
January,6,2348139842xxx,2349030489xxx,157.0,18.84,DC_ZONE_45,1724,PORT HARCOURT,DIRECTCON,Local,GREENLIGHT PCK,O,1,Normal
January,6,2348139842xxx,2349030501xxx,488.0,58.56,DC_ZONE_45,1724,PORT HARCOURT,DIRECTCON,Local,GREENLIGHT PCK,O,1,Normal
January,6,2348139842xxx,2349030509xxx,62.0,7.44,DC_ZONE_45,1724,PORT HARCOURT,DIRECTCON,Local,GREENLIGHT PCK,O,1,Normal
January,6,2348139842xxx,2349030551xxx,183.0,21.96,DC_ZONE_45,1724,PORT HARCOURT,DIRECTCON,Local,GREENLIGHT PCK,O,1,Normal
January,6,2348139842xxx,2349030598xxx,440.0,52.8,DC_ZONE_45,1724,PORT HARCOURT,DIRECTCON,Local,GREENLIGHT PCK,O,1,Normal
January,6,2348139842xxx,2349030674xxx,334.0,40.08,DC_ZONE_45,1724,PORT HARCOURT,DIRECTCON,Local,GREENLIGHT PCK,O,1,Normal
January,6,2348139842xxx,2349030679xxx,380.0,45.6,DC_ZONE_45,1724,PORT HARCOURT,DIRECTCON,Local,GREENLIGHT PCK,O,1,Normal
January,6,2348139842xxx,2349030686xxx,2.0,0.24,DC_ZONE_45,1724,PORT HARCOURT,DIRECTCON,Local,GREENLIGHT PCK,O,1,Normal
January,6,2348139842xxx,2349030706xxx,597.0,71.64,DC_ZONE_45,1724,PORT HARCOURT,DIRECTCON,Local,GREENLIGHT PCK,O,1,Normal
January,6,2348139842xxx,2349030724xxx,127.0,15.24,DC_ZONE_45,1724,PORT HARCOURT,DIRECTCON,Local,GREENLIGHT PCK,O,1,Normal
January,6,2348139842xxx,2349030747xxx,206.0,24.72,DC_ZONE_45,1724,PORT HARCOURT,DIRECTCON,Local,GREENLIGHT PCK,O,1,Normal
January,6,2348139842xxx,2349030767xxx,139.0,16.68,DC_ZONE_45,1724,PORT HARCOURT,DIRECTCON,Local,GREENLIGHT PCK,O,1,Normal
January,6,2348139842xxx,2349030853xxx,172.0,20.64,DC_ZONE_45,1724,PORT HARCOURT,DIRECTCON,Local,GREENLIGHT PCK,O,1,Normal
January,6,2348139842xxx,2349030917xxx,367.0,44.04,DC_ZONE_45,1724,PORT HARCOURT,DIRECTCON,Local,GREENLIGHT PCK,O,1,Normal
January,6,2348139842xxx,2349030919xxx,48.0,5.76,DC_ZONE_45,1724,PORT HARCOURT,DIRECTCON,Local,GREENLIGHT PCK,O,1,Normal
January,6,2348139842xxx,2349031134xxx,11.0,1.32,DC_ZONE_45,1724,PORT HARCOURT,DIRECTCON,Local,GREENLIGHT PCK,O,1,Normal
January,6,2348139842xxx,2349031174xxx,97.0,11.64,DC_ZONE_45,1724,PORT HARCOURT,DIRECTCON,Local,GREENLIGHT PCK,O,1,Normal
January,6,2348139842xxx,2349031175xxx,287.0,34.44,DC_ZONE_45,1724,PORT HARCOURT,DIRECTCON,Local,GREENLIGHT PCK,O,1,Normal
January,6,2348139842xxx,2349031209xxx,342.0,41.04,DC_ZONE_45,1724,PORT HARCOURT,DIRECTCON,Local,GREENLIGHT PCK,O,1,Normal
January,6,2348139842xxx,2349031211xxx,183.0,21.96,DC_ZONE_45,1724,PORT HARCOURT,DIRECTCON,Local,GREENLIGHT PCK,O,1,Normal
January,6,2348139842xxx,2349031214xxx,282.0,33.84,DC_ZONE_45,1724,PORT HARCOURT,DIRECTCON,Local,GREENLIGHT PCK,O,1,Normal
January,6,2348139842xxx,2349031244xxx,493.0,59.16,DC_ZONE_45,1724,PORT HARCOURT,DIRECTCON,Local,GREENLIGHT PCK,O,1,Normal
January,6,2348139842xxx,2349031264xxx,541.0,64.92,DC_ZONE_45,1724,PORT HARCOURT,DIRECTCON,Local,GREENLIGHT PCK,O,1,Normal
January,6,2348139842xxx,2349031347xxx,1.0,0.12,DC_ZONE_45,1724,PORT HARCOURT,DIRECTCON,Local,GREENLIGHT PCK,O,1,Normal
January,6,2348139842xxx,2349031350xxx,1.0,0.12,DC_ZONE_45,1724,PORT HARCOURT,DIRECTCON,Local,GREENLIGHT PCK,O,1,Normal
January,6,2348139842xxx,2349031360xxx,11.0,1.32,DC_ZONE_45,1724,PORT HARCOURT,DIRECTCON,Local,GREENLIGHT PCK,O,1,Normal
January,6,2348139842xxx,2349031363xxx,27.0,3.24,DC_ZONE_45,1724,PORT HARCOURT,DIRECTCON,Local,GREENLIGHT PCK,O,1,Normal
January,6,2348139842xxx,2349031370xxx,1.0,0.12,DC_ZONE_45,1724,PORT HARCOURT,DIRECTCON,Local,GREENLIGHT PCK,O,1,Normal
January,6,2348139842xxx,2349031387xxx,1.0,0.12,DC_ZONE_45,1724,PORT HARCOURT,DIRECTCON,Local,GREENLIGHT PCK,O,1,Normal
January,6,2348139842xxx,2349031466xxx,395.0,47.4,DC_ZONE_45,1724,PORT HARCOURT,DIRECTCON,Local,GREENLIGHT PCK,O,1,Normal
January,6,2348139842xxx,2349031488xxx,240.0,28.8,DC_ZONE_45,1724,PORT HARCOURT,DIRECTCON,Local,GREENLIGHT PCK,O,1,Normal
January,6,2348139842xxx,2349031501xxx,57.0,6.84,DC_ZONE_45,1724,PORT HARCOURT,DIRECTCON,Local,GREENLIGHT PCK,O,1,Normal
January,6,2348139842xxx,2349031547xxx,47.0,5.64,DC_ZONE_45,1724,PORT HARCOURT,DIRECTCON,Local,GREENLIGHT PCK,O,1,Normal
January,6,2348139842xxx,2349031590xxx,309.0,37.08,DC_ZONE_45,1724,PORT HARCOURT,DIRECTCON,Local,GREENLIGHT PCK,O,1,Normal
January,6,2348139842xxx,2349031692xxx,78.0,9.36,DC_ZONE_45,1724,PORT HARCOURT,DIRECTCON,Local,GREENLIGHT PCK,O,1,Normal
January,6,2348139842xxx,2349031711xxx,161.0,19.32,DC_ZONE_45,1724,PORT HARCOURT,DIRECTCON,Local,GREENLIGHT PCK,O,1,Normal
January,6,2348139842xxx,2349031721xxx,79.0,9.48,DC_ZONE_45,1724,PORT HARCOURT,DIRECTCON,Local,GREENLIGHT PCK,O,1,Normal
January,6,2348139842xxx,2349031740xxx,92.0,11.04,DC_ZONE_45,1724,PORT HARCOURT,DIRECTCON,Local,GREENLIGHT PCK,O,1,Normal
January,6,2348139842xxx,2349031764xxx,45.0,5.4,DC_ZONE_45,1724,PORT HARCOURT,DIRECTCON,Local,GREENLIGHT PCK,O,1,Normal
January,6,2348139842xxx,2349031769xxx,312.0,37.44,DC_ZONE_45,1724,PORT HARCOURT,DIRECTCON,Local,GREENLIGHT PCK,O,1,Normal
January,6,2348139842xxx,2349031826xxx,272.0,32.64,DC_ZONE_45,1724,PORT HARCOURT,DIRECTCON,Local,GREENLIGHT PCK,O,1,Normal
January,6,2348139842xxx,2349031828xxx,847.0,101.64,DC_ZONE_45,1724,PORT HARCOURT,DIRECTCON,Local,GREENLIGHT PCK,O,1,Normal
January,6,2348139842xxx,2349031853xxx,26.0,3.12,DC_ZONE_45,1724,PORT HARCOURT,DIRECTCON,Local,GREENLIGHT PCK,O,1,Normal
January,6,2348139842xxx,2349031904xxx,412.0,49.44,DC_ZONE_45,1724,PORT HARCOURT,DIRECTCON,Local,GREENLIGHT PCK,O,1,Normal
January,6,2348139842xxx,2349031914xxx,144.0,17.28,DC_ZONE_45,1724,PORT HARCOURT,DIRECTCON,Local,GREENLIGHT PCK,O,1,Normal
January,6,2348139842xxx,2349031934xxx,123.0,14.76,DC_ZONE_45,1724,PORT HARCOURT,DIRECTCON,Local,GREENLIGHT PCK,O,1,Normal
January,6,2348139842xxx,2349031996xxx,215.0,25.8,DC_ZONE_45,1724,PORT HARCOURT,DIRECTCON,Local,GREENLIGHT PCK,O,1,Normal
January,6,2348139842xxx,2349032026xxx,1.0,0.12,DC_ZONE_45,1724,PORT HARCOURT,DIRECTCON,Local,GREENLIGHT PCK,O,1,Normal
January,6,2348139842xxx,2349032029xxx,341.0,40.92,DC_ZONE_45,1724,PORT HARCOURT,DIRECTCON,Local,GREENLIGHT PCK,O,1,Normal
January,6,2348139842xxx,2349032053xxx,600.0,72.0,DC_ZONE_45,1724,PORT HARCOURT,DIRECTCON,Local,GREENLIGHT PCK,O,1,Normal
January,6,2348139842xxx,2349032095xxx,35.0,4.2,DC_ZONE_45,1724,PORT HARCOURT,DIRECTCON,Local,GREENLIGHT PCK,O,1,Normal
January,6,2348139842xxx,2349032103xxx,153.0,18.36,DC_ZONE_45,1724,PORT HARCOURT,DIRECTCON,Local,GREENLIGHT PCK,O,1,Normal
January,6,2348139842xxx,2349032124xxx,421.0,50.52,DC_ZONE_45,1724,PORT HARCOURT,DIRECTCON,Local,GREENLIGHT PCK,O,1,Normal
January,6,2348139842xxx,2349032262xxx,298.0,35.76,DC_ZONE_45,1724,PORT HARCOURT,DIRECTCON,Local,GREENLIGHT PCK,O,1,Normal
January,6,2348139842xxx,2349032266xxx,34.0,4.08,DC_ZONE_45,1724,PORT HARCOURT,DIRECTCON,Local,GREENLIGHT PCK,O,1,Normal
January,6,2348139842xxx,2349032269xxx,211.0,25.32,DC_ZONE_45,1724,PORT HARCOURT,DIRECTCON,Local,GREENLIGHT PCK,O,1,Normal
January,6,2348139842xxx,2349032365xxx,374.0,44.88,DC_ZONE_45,1724,PORT HARCOURT,DIRECTCON,Local,GREENLIGHT PCK,O,1,Normal
January,6,2348139842xxx,2349032379xxx,91.0,10.92,DC_ZONE_45,1724,PORT HARCOURT,DIRECTCON,Local,GREENLIGHT PCK,O,1,Normal
January,6,2348139842xxx,2349032380xxx,55.0,6.6,DC_ZONE_45,1724,PORT HARCOURT,DIRECTCON,Local,GREENLIGHT PCK,O,1,Normal
January,6,2348139842xxx,2349032466xxx,466.0,55.92,DC_ZONE_45,1724,PORT HARCOURT,DIRECTCON,Local,GREENLIGHT PCK,O,1,Normal
January,6,2348139842xxx,2349032512xxx,52.0,6.24,DC_ZONE_45,1724,PORT HARCOURT,DIRECTCON,Local,GREENLIGHT PCK,O,1,Normal
January,6,2348139842xxx,2349032516xxx,529.0,63.48,DC_ZONE_45,1724,PORT HARCOURT,DIRECTCON,Local,GREENLIGHT PCK,O,1,Normal
January,6,2348139842xxx,2349032637xxx,321.0,38.52,DC_ZONE_45,1724,PORT HARCOURT,DIRECTCON,Local,GREENLIGHT PCK,O,1,Normal
January,6,2348139842xxx,2349032655xxx,100.0,12.0,DC_ZONE_45,1724,PORT HARCOURT,DIRECTCON,Local,GREENLIGHT PCK,O,1,Normal
January,6,2348139842xxx,2349032691xxx,135.0,16.2,DC_ZONE_45,1724,PORT HARCOURT,DIRECTCON,Local,GREENLIGHT PCK,O,1,Normal
January,6,2348139842xxx,2349032822xxx,384.0,46.08,DC_ZONE_45,1724,PORT HARCOURT,DIRECTCON,Local,GREENLIGHT PCK,O,1,Normal
January,6,2348139842xxx,2349032824xxx,384.0,46.08,DC_ZONE_45,1724,PORT HARCOURT,DIRECTCON,Local,GREENLIGHT PCK,O,1,Normal
January,6,2348139842xxx,2349032841xxx,2.0,0.24,DC_ZONE_45,1724,PORT HARCOURT,DIRECTCON,Local,GREENLIGHT PCK,O,1,Normal
January,6,2348139842xxx,2349032947xxx,632.0,75.84,DC_ZONE_45,1724,PORT HARCOURT,DIRECTCON,Local,GREENLIGHT PCK,O,1,Normal
January,6,2348139842xxx,2349032948xxx,382.0,45.84,DC_ZONE_45,1724,PORT HARCOURT,DIRECTCON,Local,GREENLIGHT PCK,O,1,Normal
January,6,2348139842xxx,2349032994xxx,8.0,0.96,DC_ZONE_45,1724,PORT HARCOURT,DIRECTCON,Local,GREENLIGHT PCK,O,1,Normal
January,6,2348139842xxx,2349032998xxx,265.0,31.8,DC_ZONE_45,1724,PORT HARCOURT,DIRECTCON,Local,GREENLIGHT PCK,O,1,Normal
January,6,2348139842xxx,2349033007xxx,37.0,4.44,DC_ZONE_45,1724,PORT HARCOURT,DIRECTCON,Local,GREENLIGHT PCK,O,1,Normal
January,6,2348139842xxx,2349033031xxx,37.0,4.44,DC_ZONE_45,1724,PORT HARCOURT,DIRECTCON,Local,GREENLIGHT PCK,O,1,Normal
January,6,2348139842xxx,2349033056xxx,319.0,38.28,DC_ZONE_45,1724,PORT HARCOURT,DIRECTCON,Local,GREENLIGHT PCK,O,1,Normal
January,6,2348139842xxx,2349033127xxx,375.0,45.0,DC_ZONE_45,1724,PORT HARCOURT,DIRECTCON,Local,GREENLIGHT PCK,O,1,Normal
January,6,2348139842xxx,2349033144xxx,409.0,49.08,DC_ZONE_45,1724,PORT HARCOURT,DIRECTCON,Local,GREENLIGHT PCK,O,1,Normal
January,6,2348139842xxx,2349033216xxx,492.0,59.04,DC_ZONE_45,1724,PORT HARCOURT,DIRECTCON,Local,GREENLIGHT PCK,O,1,Normal
January,6,2348139842xxx,2349033346xxx,165.0,19.8,DC_ZONE_45,1724,PORT HARCOURT,DIRECTCON,Local,GREENLIGHT PCK,O,1,Normal
January,6,2348139842xxx,2349033352xxx,148.0,17.76,DC_ZONE_45,1724,PORT HARCOURT,DIRECTCON,Local,GREENLIGHT PCK,O,1,Normal
January,6,2348139842xxx,2349033378xxx,1.0,0.12,DC_ZONE_45,1724,PORT HARCOURT,DIRECTCON,Local,GREENLIGHT PCK,O,1,Normal
January,6,2348139842xxx,2349033426xxx,111.0,13.32,DC_ZONE_45,1724,PORT HARCOURT,DIRECTCON,Local,GREENLIGHT PCK,O,1,Normal
January,6,2348139842xxx,2349033539xxx,325.0,39.0,DC_ZONE_45,1724,PORT HARCOURT,DIRECTCON,Local,GREENLIGHT PCK,O,1,Normal
January,6,2348139842xxx,2349033539xxx,1.0,0.12,DC_ZONE_45,1724,PORT HARCOURT,DIRECTCON,Local,GREENLIGHT PCK,O,1,Normal
January,6,2348139842xxx,2349033565xxx,391.0,46.92,DC_ZONE_45,1724,PORT HARCOURT,DIRECTCON,Local,GREENLIGHT PCK,O,1,Normal
January,6,2348139842xxx,2349033569xxx,52.0,6.24,DC_ZONE_45,1724,PORT HARCOURT,DIRECTCON,Local,GREENLIGHT PCK,O,1,Normal
January,6,2348139842xxx,2349033659xxx,228.0,27.36,DC_ZONE_45,1724,PORT HARCOURT,DIRECTCON,Local,GREENLIGHT PCK,O,1,Normal
January,6,2348139842xxx,2349033682xxx,406.0,48.72,DC_ZONE_45,1724,PORT HARCOURT,DIRECTCON,Local,GREENLIGHT PCK,O,1,Normal
January,6,2348139842xxx,2349033776xxx,410.0,49.2,DC_ZONE_45,1724,PORT HARCOURT,DIRECTCON,Local,GREENLIGHT PCK,O,1,Normal
January,6,2348139842xxx,2349033795xxx,27.0,3.24,DC_ZONE_45,1724,PORT HARCOURT,DIRECTCON,Local,GREENLIGHT PCK,O,1,Normal
January,6,2348139842xxx,2349033838xxx,92.0,11.04,DC_ZONE_45,1724,PORT HARCOURT,DIRECTCON,Local,GREENLIGHT PCK,O,1,Normal
January,6,2348139842xxx,2349033870xxx,72.0,8.64,DC_ZONE_45,1724,PORT HARCOURT,DIRECTCON,Local,GREENLIGHT PCK,O,1,Normal
January,6,2348139842xxx,2349033921xxx,129.0,15.48,DC_ZONE_45,1724,PORT HARCOURT,DIRECTCON,Local,GREENLIGHT PCK,O,1,Normal
January,6,2348139842xxx,2349033968xxx,23.0,2.76,DC_ZONE_45,1724,PORT HARCOURT,DIRECTCON,Local,GREENLIGHT PCK,O,1,Normal
January,6,2348139842xxx,2349034031xxx,322.0,38.64,DC_ZONE_45,1724,PORT HARCOURT,DIRECTCON,Local,GREENLIGHT PCK,O,1,Normal
January,6,2348139842xxx,2349034060xxx,112.0,13.44,DC_ZONE_45,1724,PORT HARCOURT,DIRECTCON,Local,GREENLIGHT PCK,O,1,Normal
January,6,2348139842xxx,2349034103xxx,103.0,12.36,DC_ZONE_45,1724,PORT HARCOURT,DIRECTCON,Local,GREENLIGHT PCK,O,1,Normal
January,6,2348139842xxx,2349034133xxx,60.0,7.2,DC_ZONE_45,1724,PORT HARCOURT,DIRECTCON,Local,GREENLIGHT PCK,O,1,Normal
January,6,2348139842xxx,2349034147xxx,46.0,5.52,DC_ZONE_45,1724,PORT HARCOURT,DIRECTCON,Local,GREENLIGHT PCK,O,1,Normal
January,6,2348139842xxx,2349034158xxx,337.0,40.44,DC_ZONE_45,1724,PORT HARCOURT,DIRECTCON,Local,GREENLIGHT PCK,O,1,Normal
January,6,2348139842xxx,2349034178xxx,526.0,63.12,DC_ZONE_45,1724,PORT HARCOURT,DIRECTCON,Local,GREENLIGHT PCK,O,1,Normal
January,6,2348139842xxx,2349034263xxx,,124.44,DC_ZONE_45,1724,PORT HARCOURT,DIRECTCON,Local,GREENLIGHT PCK,O,1,Normal
January,6,2348139842xxx,2349034313xxx,114.0,13.68,DC_ZONE_45,1724,PORT HARCOURT,DIRECTCON,Local,GREENLIGHT PCK,O,1,Normal
January,6,2348139842xxx,2349034375xxx,280.0,33.6,DC_ZONE_45,1724,PORT HARCOURT,DIRECTCON,Local,GREENLIGHT PCK,O,1,Normal
January,6,2348139842xxx,2349034381xxx,38.0,4.56,DC_ZONE_45,1724,PORT HARCOURT,DIRECTCON,Local,GREENLIGHT PCK,O,1,Normal
January,6,2348139842xxx,2349034407xxx,1.0,0.12,DC_ZONE_45,1724,PORT HARCOURT,DIRECTCON,Local,GREENLIGHT PCK,O,1,Normal
January,6,2348139842xxx,2349034421xxx,274.0,32.88,DC_ZONE_45,1724,PORT HARCOURT,DIRECTCON,Local,GREENLIGHT PCK,O,1,Normal
January,6,2348139842xxx,2349034472xxx,240.0,28.8,DC_ZONE_45,1724,PORT HARCOURT,DIRECTCON,Local,GREENLIGHT PCK,O,1,Normal
January,6,2348139842xxx,2349034484xxx,427.0,51.24,DC_ZONE_45,1724,PORT HARCOURT,DIRECTCON,Local,GREENLIGHT PCK,O,1,Normal
January,6,2348139842xxx,2349034491xxx,262.0,31.44,DC_ZONE_45,1724,PORT HARCOURT,DIRECTCON,Local,GREENLIGHT PCK,O,1,Normal
January,6,2348139842xxx,2349034498xxx,383.0,45.96,DC_ZONE_45,1724,PORT HARCOURT,DIRECTCON,Local,GREENLIGHT PCK,O,1,Normal
January,6,2348139842xxx,2349034545xxx,549.0,65.88,DC_ZONE_45,1724,PORT HARCOURT,DIRECTCON,Local,GREENLIGHT PCK,O,1,Normal
January,6,2348139842xxx,2349034559xxx,530.0,63.6,DC_ZONE_45,1724,PORT HARCOURT,DIRECTCON,Local,GREENLIGHT PCK,O,1,Normal
January,6,2348139842xxx,2349034570xxx,196.0,23.52,DC_ZONE_45,1724,PORT HARCOURT,DIRECTCON,Local,GREENLIGHT PCK,O,1,Normal
January,6,2348139842xxx,2349034582xxx,302.0,36.24,DC_ZONE_45,1724,PORT HARCOURT,DIRECTCON,Local,GREENLIGHT PCK,O,1,Normal
January,6,2348139842xxx,2349034597xxx,244.0,29.28,DC_ZONE_45,1724,PORT HARCOURT,DIRECTCON,Local,GREENLIGHT PCK,O,1,Normal
January,6,2348139842xxx,2349034646xxx,286.0,34.32,DC_ZONE_45,1724,PORT HARCOURT,DIRECTCON,Local,GREENLIGHT PCK,O,1,Normal
January,6,2348139842xxx,2349034767xxx,8.0,0.96,DC_ZONE_45,1724,PORT HARCOURT,DIRECTCON,Local,GREENLIGHT PCK,O,1,Normal
January,6,2348139842xxx,2349034783xxx,35.0,4.2,DC_ZONE_45,1724,PORT HARCOURT,DIRECTCON,Local,GREENLIGHT PCK,O,1,Normal
January,6,2348139842xxx,2349034953xxx,487.0,58.44,DC_ZONE_45,1724,PORT HARCOURT,DIRECTCON,Local,GREENLIGHT PCK,O,1,Normal
January,6,2348139842xxx,2349034954xxx,83.0,9.96,DC_ZONE_45,1724,PORT HARCOURT,DIRECTCON,Local,GREENLIGHT PCK,O,1,Normal
